:soudane:,https://storage.mebuki.moe/emojis/m414ufodim5ptodzuf56uom3.webp
:otukare:,https://storage.mebuki.moe/emojis/gqmaco39gqb9im9h5pik0hk3.webp
:odaijini:,https://storage.mebuki.moe/emojis/pxme6iszerel80avucugzovf.webp
:sorena:,https://storage.mebuki.moe/emojis/f9mq92j46cpi2jxbggi4ou9q.webp
:soukana:,https://storage.mebuki.moe/emojis/c62r063vzj7z0lo13cuprsha.webp
:soukamo:,https://storage.mebuki.moe/emojis/f007z27uqv7aa1of5773fbad.webp
:souwayo:,https://storage.mebuki.moe/emojis/bngca7qz5m1emqyqm4zded2a.webp
:sonnani:,https://storage.mebuki.moe/emojis/vj5123eonbslqr0l8qavcvd4.webp
:sondake:,https://storage.mebuki.moe/emojis/i90863rvwwhfe8ks2z14chjo.webp
:kawaii:,https://storage.mebuki.moe/emojis/pitwte9pta5r5ykyzaww04fl.webp
:H_da:,https://storage.mebuki.moe/emojis/zb63hvappgonehpkt5wjtoaa.webp
:uodekka_boost:,https://storage.mebuki.moe/emojis/qcjdi0jyiggj52ksmdapuogm.webp
:hinnyuu_kansya:,https://storage.mebuki.moe/emojis/ysvn48n3napx1ybeqra5iyrv.webp
:dekapai_kansya:,https://storage.mebuki.moe/emojis/u401v8zub9tff7hojqegzfkr.webp
:dousite:,https://storage.mebuki.moe/emojis/rx5tugosl24q0xfvpl574y4m.webp
:sirason:,https://storage.mebuki.moe/emojis/igqs6cnl52o8oopt8ie4h8lt.webp
:iiyone:,https://storage.mebuki.moe/emojis/h7c28nvalkvgnjzotvxugyza.webp
:ii:,https://storage.mebuki.moe/emojis/igkowcr2p6oq2uvq5ng2ts5k.webp
:naruhodo:,https://storage.mebuki.moe/emojis/z3fbn94qhb0imc03016msav0.webp
:wakaru:,https://storage.mebuki.moe/emojis/is7xydg7v7e6o7q1nwatho6q.webp
:sorehasou:,https://storage.mebuki.moe/emojis/k7t4rtq0ot7tmvsk3ehbp3fc.webp
:donmai:,https://storage.mebuki.moe/emojis/bksvxrcv0ay8t5lqvuyys49t.webp
:ganbare:,https://storage.mebuki.moe/emojis/itqe8carkq6uqx36an453hwl.webp
:sikatanasi:,https://storage.mebuki.moe/emojis/eqero9j8b5kx4j2qzhgwb8ha.webp
:uwakitsu:,https://storage.mebuki.moe/emojis/h3t98ozk4kssj2ove0h464dz.webp
:yokunai:,https://storage.mebuki.moe/emojis/utuujqfq3pbbzi3nzt3pfqhe.webp
:sorehadame:,https://storage.mebuki.moe/emojis/w7yn863n8qgwd19xgevqoj8z.webp
:damare_kozou:,https://storage.mebuki.moe/emojis/f3brrbb2qq3j5f6lklyxim5n.webp
:erai:,https://storage.mebuki.moe/emojis/fizto759uxtnp0vwxckt0ulu.webp
:kansya:,https://storage.mebuki.moe/emojis/cxxwyn4yqxg4ij2yz5a2wgzy.webp
:sutekidane:,https://storage.mebuki.moe/emojis/tz2lbxtzy5k5qnkd9ag3pkxh.webp
:tekidane:,https://storage.mebuki.moe/emojis/xdl30ftxisodkyhnwxsuttzt.webp
:sugoiwa:,https://storage.mebuki.moe/emojis/v4m03n19e0qecwze0ar82uup.webp
:damedatta:,https://storage.mebuki.moe/emojis/l1copoc6ets4ouxwb2jls07o.webp
:kodokuno_ikenai:,https://storage.mebuki.moe/emojis/vo9hoysekvjrmdnfh3h3okyf.webp
:chimpodawa:,https://storage.mebuki.moe/emojis/mhjf94f0m9gmuwde345byof3.webp
:manko_dawa:,https://storage.mebuki.moe/emojis/m0nb37uimoegootfggs02sc5.webp
:tashi_crab:,https://storage.mebuki.moe/emojis/nrg58g066t4jkgtcy5rkjbxj.webp
:tashikani_onimai:,https://storage.mebuki.moe/emojis/cyuej61eww08icuny9xai9af.webp
:kashikoi:,https://storage.mebuki.moe/emojis/gkcphu9jhffesstv97j3symt.webp
:sayou:,https://storage.mebuki.moe/emojis/qlv28d127hvyl2l0lor42yxx.webp
:usoda_ne:,https://storage.mebuki.moe/emojis/untqqiwnb1zqr3qlownb2h9n.webp
:waha:,https://storage.mebuki.moe/emojis/hbna30g8f7fzr06rv3dff1w8.webp
:taiari:,https://storage.mebuki.moe/emojis/koz62dxbfgxr8331apd3of6a.webp
:death:,https://storage.mebuki.moe/emojis/wgvkoxoiuf5otbj367nekfp6.webp
:nen:,https://storage.mebuki.moe/emojis/psz3famxa1cc28uijdvh7ljr.webp
:kan:,https://storage.mebuki.moe/emojis/zwwamwipnkkfacyvpebd3g3c.webp
:zaaako:,https://storage.mebuki.moe/emojis/r37jocbfttdejubaakmq9tgn.webp
:deb:,https://storage.mebuki.moe/emojis/itt7lf9vq9wk5a4t1nza7byf.webp
:yoshi:,https://storage.mebuki.moe/emojis/pb8hq1jc8n2o6u9ykmjr0v3w.webp
:daizyoubudesu:,https://storage.mebuki.moe/emojis/eoiejs31sm9v3p0encb2waen.webp
:iwankottyaNIGHT:,https://storage.mebuki.moe/emojis/sx6slnetrrvwov82aatv24ty.webp
:doushite:,https://storage.mebuki.moe/emojis/fad9e4cxmbgb5b3g45uegha3.webp
:nanimowakaranai_boost:,https://storage.mebuki.moe/emojis/kd6x5h7tb1b8norpmktlg5t4.webp
:hayarukamo:,https://storage.mebuki.moe/emojis/qnau54tkc1rsrbxum80qg5n8.webp
:mujiina:,https://storage.mebuki.moe/emojis/izj6r9hunwqycfi9b3dmaqtn.webp
:homo:,https://storage.mebuki.moe/emojis/pl7xysuussgfygcnrge06m71.webp
:dora_jitome:,https://storage.mebuki.moe/emojis/y7ag3ypzj571be0cv4znswm3.webp
:konohito_homodesu:,https://storage.mebuki.moe/emojis/fst2zmxzky5f4pqm5rnajzop.webp
:Karyl:,https://storage.mebuki.moe/emojis/z2jdce4ipai3cb8ln0c15ssi.webp
:Karyl_kissyo:,https://storage.mebuki.moe/emojis/fxeuiqdc5tc78m9jwtg1trdq.webp
:Karyl_Yabaiwayo_Hennyusei:,https://storage.mebuki.moe/emojis/zqrw5tjjymyfzrc7bt3zotwt.webp
:yappa_tureewa:,https://storage.mebuki.moe/emojis/am7h0s2q0jocyhlypgo99iqj.webp
:kowaa:,https://storage.mebuki.moe/emojis/u645c1og5nwc3drqnmz2wep9.webp
:ko_kowai:,https://storage.mebuki.moe/emojis/ia6dntqsa5cvji7vyeyziofs.webp
:kowa:,https://storage.mebuki.moe/emojis/ef5avp2ogpx4argv8h0l3snj.webp
:sore_mazi_yabai:,https://storage.mebuki.moe/emojis/jf1ay8r8oguiafnhpjiaafa3.webp
:kawaisou:,https://storage.mebuki.moe/emojis/uen73fr5ehrwx2sp7e1ru8zr.webp
:kakkoii:,https://storage.mebuki.moe/emojis/lknbampwt5gch7r8o823zf9f.webp
:yokuneeyo:,https://storage.mebuki.moe/emojis/yiko5fmbuyshzvq3cg0t3cm6.webp
:danaon_konwaku:,https://storage.mebuki.moe/emojis/mmf9qhgn64apdnarszfx744t.webp
:kagen_siro_baka:,https://storage.mebuki.moe/emojis/loh9ebtlk5kfk4voa1hqepvc.webp
:nannanda:,https://storage.mebuki.moe/emojis/ynd0sr4r840u4fnwcdehymym.webp
:haa:,https://storage.mebuki.moe/emojis/d0mqtau7hl671holvbcj4c8q.webp
:wakaru2:,https://storage.mebuki.moe/emojis/aoinopq6z9rpce69c12pm4fd.webp
:sukoshinaku:,https://storage.mebuki.moe/emojis/s2aqgq6s8fw9lp5fpj2c0scy.webp
:jyusei:,https://storage.mebuki.moe/emojis/svapvvclp05m28gmla10seiq.webp
:nanika_mondai_demo:,https://storage.mebuki.moe/emojis/kjpz4oc0lyrdn4k53hvm97kl.webp
:totemo_turai:,https://storage.mebuki.moe/emojis/z0hygwgvccc3ge121c8dskqa.webp
:yadaaaa_addon:,https://storage.mebuki.moe/emojis/k4dnofpy7uv06bzjhcct7nnf.webp
:dante_h_boost:,https://storage.mebuki.moe/emojis/bl073bs93q8dfm6h5ryba1m4.webp
:kireorga_boost:,https://storage.mebuki.moe/emojis/vp0b966eainyjxn15bizulpb.webp
:anome_boost:,https://storage.mebuki.moe/emojis/plxu6tc85o7yi317hbtproco.webp
:Kaede_huhutte:,https://storage.mebuki.moe/emojis/uinoypixz471fzkubruht8ep.webp
:yamada_boost:,https://storage.mebuki.moe/emojis/n5v5phrvyygnedwdq05dut96.webp
:ichikawa_boost:,https://storage.mebuki.moe/emojis/o2sn4nd3w6lk7ixt09hgn26k.webp
:ebicurry_azurlane_boost:,https://storage.mebuki.moe/emojis/jhjxx8idfg75kyq7ez4hoii0.webp
:coffee_umasi_boost:,https://storage.mebuki.moe/emojis/xdowhrmolgze2jqji5bf1xgs.webp
:jcb_boost:,https://storage.mebuki.moe/emojis/yrqot6zscwa1kdxzldn59py7.webp
:JCBchang_maru:,https://storage.mebuki.moe/emojis/ujbvodn4us6mwhf0ifwhnvux.webp
:JCBchang_batsu:,https://storage.mebuki.moe/emojis/f089pcoxk3se5vdlfajuyuv4.webp
:jcb_404_crying:,https://storage.mebuki.moe/emojis/nypqni0elb53pd76033p10ug.webp
:jcb_dekiraa:,https://storage.mebuki.moe/emojis/p6qtdhmsbfi29agaj964i9n1.webp
:kakutei_boost:,https://storage.mebuki.moe/emojis/zyj60spmp4zd5nyo83jmv1mp.webp
:umasou_boost:,https://storage.mebuki.moe/emojis/n1o282rk4mqc8a3gtsjcqs89.webp
:onakasuita:,https://storage.mebuki.moe/emojis/byfehsq1a41i8wvj9vrk2ft2.webp
:Washinoja_PowerChan_Test:,https://storage.mebuki.moe/emojis/z0dp2g9hgbddn2c97xlgd9bq.webp
:big_ban_burn_bakedmochocho:,https://storage.mebuki.moe/emojis/xwwrcj14hxuc1rfyuis61frm.webp
:akane3:,https://storage.mebuki.moe/emojis/jdwcfu58db7tgfkclwkrpf75.webp
:gaoru:,https://storage.mebuki.moe/emojis/ltnrmu2oy4fr5vt8btd2q7iv.webp
:Amamiya:,https://storage.mebuki.moe/emojis/i94eyecsp5afr9n2on0sid6f.webp
:anchinsama:,https://storage.mebuki.moe/emojis/t0xhddakm9zujawyj6d7t7kl.webp
:anome:,https://storage.mebuki.moe/emojis/w8y8gexam66ul2w6kxf67zk7.webp
:aridesune:,https://storage.mebuki.moe/emojis/hoqhmfuqrzk19erjom4dsjfp.webp
:arigatou:,https://storage.mebuki.moe/emojis/zxa03y898iqjjw5q6hyi0mlk.webp
:ARONA:,https://storage.mebuki.moe/emojis/nocd4i3x42xzdbn1l4mbnm3q.webp
:aruchan:,https://storage.mebuki.moe/emojis/jsv947c6qiihzf3vyskvpqm8.webp
:asuranmakka:,https://storage.mebuki.moe/emojis/dezv7jvz2jaapu6vmkpa39as.webp
:Dante:,https://storage.mebuki.moe/emojis/ukjs25rs06usa3qhlzgzwj34.webp
:atarimae:,https://storage.mebuki.moe/emojis/ur000j5xvwfewf40kjsia8h3.webp
:frieren:,https://storage.mebuki.moe/emojis/qb5tv170rzz7dgsttanw8e71.webp
:balom:,https://storage.mebuki.moe/emojis/x6l6toww0gabv0ougfp0vh9s.webp
:chadan:,https://storage.mebuki.moe/emojis/kfqy5u6r21s8ppqnj2v8jkt5.webp
:soujanai:,https://storage.mebuki.moe/emojis/qo4pyokdczc59hud05zvvte3.webp
:Columbus:,https://storage.mebuki.moe/emojis/c6c5erl60w1jwuoe3bupi7ig.webp
:vader_inv:,https://storage.mebuki.moe/emojis/jnxwnacqdbzvyokp9joultsb.webp
:kimo:,https://storage.mebuki.moe/emojis/bfmhv871m2dfzxeqow7lkua9.webp
:Fenrys:,https://storage.mebuki.moe/emojis/jz8ihevf8pp8vahm4bflkbjf.webp
:dareda:,https://storage.mebuki.moe/emojis/rekivntvcodymxsptdoq2spp.webp
:kyoufu:,https://storage.mebuki.moe/emojis/kip5wxf6siernsei9leo0sjs.webp
:demaecan:,https://storage.mebuki.moe/emojis/q30391d8t602gtccsujnhpk7.webp
:Denjirou:,https://storage.mebuki.moe/emojis/dg1iuu4ut6de9ghu7c0k49qd.webp
:pikachu:,https://storage.mebuki.moe/emojis/bjbtveeq88t6gtks4nin9i0e.webp
:doro:,https://storage.mebuki.moe/emojis/r5se07nd7r7bzbzzs9etcxm8.webp
:0810:,https://storage.mebuki.moe/emojis/ufn9k3cl0vh0lob4q0v6crdd.webp
:naniwo:,https://storage.mebuki.moe/emojis/u01og0d5qzk7l4e0y0tvyu03.webp
:emmy:,https://storage.mebuki.moe/emojis/lqrgp2sbt7kjql7it60wzfel.webp
:254:,https://storage.mebuki.moe/emojis/notdfus16wuar2o9h1tyzvbp.webp
:2542:,https://storage.mebuki.moe/emojis/vgi743wzp6654v4q1fmlgq0v.webp
:3610narin:,https://storage.mebuki.moe/emojis/as4wz8hj5kpf2gv39wjru8bb.webp
:tissa:,https://storage.mebuki.moe/emojis/ce38i7r6m5qt1b2r2sxspvzp.webp
:neo_halloween:,https://storage.mebuki.moe/emojis/uf7qzri2j46u8mrroj7b89dk.webp
:tekketsu_McGillis:,https://storage.mebuki.moe/emojis/jfs4putinltl5le79h6zgo88.webp
:tekketsu_UrdrHuntRing:,https://storage.mebuki.moe/emojis/ll75qpaipjh4el4hm9xel9in.webp
:gaelio:,https://storage.mebuki.moe/emojis/aozmntkisjt54ycesio3nm8s.webp
:meets_rock_1:,https://storage.mebuki.moe/emojis/j6oqrkdub4g8d1ma0uagdy9q.webp
:meets_rock_2:,https://storage.mebuki.moe/emojis/v5p7rgva3ymk8sjfyya64dbd.webp
:meets_rock_3:,https://storage.mebuki.moe/emojis/b4uq8p3ih3swpumfp15y2uip.webp
:meets_rock_4:,https://storage.mebuki.moe/emojis/a2dmds1nwwk61fyvzculg0wl.webp
:meets_rock_5:,https://storage.mebuki.moe/emojis/y8fqnpndoa9k9h1itb92vm83.webp
:meets_rock_6:,https://storage.mebuki.moe/emojis/kfv1ygte1q0yw037ftm7t3ok.webp
:stronger:,https://storage.mebuki.moe/emojis/sawmbfn89tjaeh2r2629pwqj.webp
:Kamille_Re:,https://storage.mebuki.moe/emojis/ipiusm9aln9690m73vazwgfl.webp
:goodjob:,https://storage.mebuki.moe/emojis/s7le5r0tpwyc46h9vv8eulg9.webp
:gudako:,https://storage.mebuki.moe/emojis/ucn5kj91x8mioj7vbyidyrfn.webp
:hayasugiru:,https://storage.mebuki.moe/emojis/opr1ml80ez7xkbv2nen0k1ps.webp
:hee:,https://storage.mebuki.moe/emojis/eqkaumx3kcqar23849wpyfnd.webp
:hentai:,https://storage.mebuki.moe/emojis/ym59bcoi6ib9p9iz0a5co3t5.webp
:hentaida:,https://storage.mebuki.moe/emojis/xfjw66pts3ofqpphem3hcwsp.webp
:HIKARI:,https://storage.mebuki.moe/emojis/hv9b4n6dj0h7tljeqwlo2258.webp
:Hisoka:,https://storage.mebuki.moe/emojis/zv77r1dakt5hgdahn78weo0n.webp
:hissi:,https://storage.mebuki.moe/emojis/u9okcpks5558jq92n4gld1z7.webp
:hitonokokoro:,https://storage.mebuki.moe/emojis/jmfggep6kxcynrlzyphxfou3.webp
:hyadoradora:,https://storage.mebuki.moe/emojis/p8pw9z3cwb2pfkaol47m0sxn.webp
:hyojikakakuyorihangaku:,https://storage.mebuki.moe/emojis/qtani3q75pfv8z03dbw2d4jl.webp
:hysgori:,https://storage.mebuki.moe/emojis/yder10io5e8edylshm4mo5yr.webp
:ikan:,https://storage.mebuki.moe/emojis/y29uomohb0byzvj0e1oxfzpb.webp
:infight:,https://storage.mebuki.moe/emojis/lsmu1wrw2uqcd9kxi5jzn45x.webp
:shotacon:,https://storage.mebuki.moe/emojis/gpf9kt12g4ys9yn3b6kdcqsf.webp
:joshiaki:,https://storage.mebuki.moe/emojis/vrwmawagf8svct0td0tc5naf.webp
:Judy:,https://storage.mebuki.moe/emojis/o2tth7hkoxb0huwmvb5mposh.webp
:kasumi:,https://storage.mebuki.moe/emojis/lryxnmzt0zxwv62vkn6bmx53.webp
:1st:,https://storage.mebuki.moe/emojis/hdfid5ial1zqlpxlk64res4e.webp
:2nd:,https://storage.mebuki.moe/emojis/arb64mvhdpgrt7rq23illh1h.webp
:owattyama_fall:,https://storage.mebuki.moe/emojis/bpfdl4flcvq3pu0cptni8gmo.webp
:kataitasugidaro:,https://storage.mebuki.moe/emojis/k3ci1s75if5qhodzeau630kw.webp
:edashi:,https://storage.mebuki.moe/emojis/oiso4rk6tqbtks62pjewm2el.webp
:koito:,https://storage.mebuki.moe/emojis/w07qqtgqq8ougtwnb09sjzf2.webp
:amuro:,https://storage.mebuki.moe/emojis/iqz53gorrpjnyj6snxumap4r.webp
:LAOmucchi:,https://storage.mebuki.moe/emojis/c6kmkysi15k7ty07a2bb1j3b.webp
:luffy:,https://storage.mebuki.moe/emojis/o61iqmf71r59oltq4u48bqrp.webp
:Madowasareruna:,https://storage.mebuki.moe/emojis/bo7cjreet1l44h33ra11jnxp.webp
:makeoshimi:,https://storage.mebuki.moe/emojis/no02ivpxas6h6nbdkc6czmn3.webp
:mama:,https://storage.mebuki.moe/emojis/z8jaw2wbm6ksl4k7fdauckyt.webp
:matahennnano:,https://storage.mebuki.moe/emojis/jkyng1dn8lkz9nji5guagffc.webp
:matyu:,https://storage.mebuki.moe/emojis/etfi91owdn8h4mner8rlkhem.webp
:miho:,https://storage.mebuki.moe/emojis/qebeoxzkko20kb2bljs97xde.webp
:mijikeeyume:,https://storage.mebuki.moe/emojis/os7h7k1e3hjmmx8giankt5cr.webp
:KorehaNani2:,https://storage.mebuki.moe/emojis/c5u9ld2t0w10dyqoob6otf1s.webp
:moeko:,https://storage.mebuki.moe/emojis/pz0f64kb319wfwspanefboe6.webp
:korosusika:,https://storage.mebuki.moe/emojis/w43fpx6egjidnb91ko1b04mr.webp
:moutoku:,https://storage.mebuki.moe/emojis/w4sdnfhj6zx9gbuwod9z8sjn.webp
:myakumyaku:,https://storage.mebuki.moe/emojis/y63ni367uqoxkplt9ah4im36.webp
:naityatta2:,https://storage.mebuki.moe/emojis/cvump0j7mdup5qeqj8n18ll9.webp
:nan:,https://storage.mebuki.moe/emojis/rnd2363grwspiy3ecehyoqn7.webp
:aruyo:,https://storage.mebuki.moe/emojis/gfug5l0m1en6e14m8x364si3.webp
:aruyo2:,https://storage.mebuki.moe/emojis/vf6s8lc5lyqgf65l1zfcx9ah.webp
:nanoda:,https://storage.mebuki.moe/emojis/sqso8qvrevgwqi6wysstimmc.webp
:bikkuri:,https://storage.mebuki.moe/emojis/gsn41puerflnot0uisth1ebk.webp
:nero:,https://storage.mebuki.moe/emojis/mswekzzby6wzvexliu1er83o.webp
:Asuna:,https://storage.mebuki.moe/emojis/apfbi9ou0xi43v56sjseegds.webp
:nu:,https://storage.mebuki.moe/emojis/ytpzxe52rsi7fwaem1ete8r8.webp
:nyaoha:,https://storage.mebuki.moe/emojis/gubwi4s3sad1hwc07axg07x3.webp
:oioioi:,https://storage.mebuki.moe/emojis/a41mrhb4b95wsswg95ashiz4.webp
:omega:,https://storage.mebuki.moe/emojis/whz4osp6ijkd3hcdwrzze2x1.webp
:oosanshouuo:,https://storage.mebuki.moe/emojis/nmmceooxlhevc5tthcx986mh.webp
:orukora:,https://storage.mebuki.moe/emojis/gl4qg0s5w181tl9sv7qym2ig.webp
:udegumi:,https://storage.mebuki.moe/emojis/oppz6ox70gdcwmxxxis8hoob.webp
:OYASUMI:,https://storage.mebuki.moe/emojis/ud7s0vwgkvz1148xvnp2kana.webp
:peropero:,https://storage.mebuki.moe/emojis/ft4agmi64gza8dqkydhj3114.webp
:peroro:,https://storage.mebuki.moe/emojis/he14r3xuriiqw9nwo9x6o3zh.webp
:chang:,https://storage.mebuki.moe/emojis/yhae36a15ze9mlg93k1sy8kf.webp
:isan:,https://storage.mebuki.moe/emojis/zriuewink8261n3z8yexgz9j.webp
:Sensoudesuwa:,https://storage.mebuki.moe/emojis/h837cyiy6wirgc65shahim9w.webp
:shanoseisin:,https://storage.mebuki.moe/emojis/smqj04g36onmtaag3tngo84w.webp
:nikuiyo:,https://storage.mebuki.moe/emojis/qlgpdy2ibq36jqoct3biv2q5.webp
:ogoruna:,https://storage.mebuki.moe/emojis/qcggjgmpnr9l0m1bh2e3lvc7.webp
:soredayo:,https://storage.mebuki.moe/emojis/q2rced7gzpdhen6e1f7xjjw1.webp
:space_cat:,https://storage.mebuki.moe/emojis/s1hbet9b4jkvweb1lgeq47kw.webp
:Dark_Ultraman:,https://storage.mebuki.moe/emojis/dvuq1em60jh7ebahlkpfw9s1.webp
:sugoi:,https://storage.mebuki.moe/emojis/rtowuqx5douai6xddr7lxx5w.webp
:sukeroku:,https://storage.mebuki.moe/emojis/u9wdp2upfddzuqvdig9l9nts.webp
:sukidaze:,https://storage.mebuki.moe/emojis/gwobjr5g6tw7oibedzv70da7.webp
:oide:,https://storage.mebuki.moe/emojis/xceq9pqf1x4yiq6clzopfors.webp
:tanuki:,https://storage.mebuki.moe/emojis/pwzv1edwtad25vg8lqd6fgnd.webp
:tinko:,https://storage.mebuki.moe/emojis/udro7v5e1klkgexejzo3h8qv.webp
:tinn:,https://storage.mebuki.moe/emojis/it1cp364ifpbc5o97aukazi8.webp
:toshiaki:,https://storage.mebuki.moe/emojis/nb16tqx2i5qi9090faq6hdpq.webp
:tough:,https://storage.mebuki.moe/emojis/gzgnc2mk1u5htucpi52n3oqd.webp
:kukuku:,https://storage.mebuki.moe/emojis/hpb3ygkmdnd0ewuvji32urhh.webp
:tsugikara:,https://storage.mebuki.moe/emojis/btbd0jfg8krhm89ht2jnbr2t.webp
:TUXA:,https://storage.mebuki.moe/emojis/otblzs459lyh1a7jusw527tn.webp
:ff5hennnanoda:,https://storage.mebuki.moe/emojis/v4pndg44qm6su24308uaqw3y.webp
:aozame_spe:,https://storage.mebuki.moe/emojis/asfr5zzkzd2a98z3ho3lz9ok.webp
:doto:,https://storage.mebuki.moe/emojis/wya8n021fq5w3adkqv174p8f.webp
:only_musume:,https://storage.mebuki.moe/emojis/jja8zadgoaf4b9cdktc8me7p.webp
:windy_gomen_nasai_nanoda:,https://storage.mebuki.moe/emojis/d2efw6euwowyuoqzwcx4b1pa.webp
:umu:,https://storage.mebuki.moe/emojis/lapsjrsvijbbp1e74k32dfpb.webp
:usero:,https://storage.mebuki.moe/emojis/gomq7zn8jhs7itu6xeuzdqh5.webp
:usoda:,https://storage.mebuki.moe/emojis/vbbh3gbb9ykkznjrapai8p2c.webp
:utsukushiiwa:,https://storage.mebuki.moe/emojis/hdqazxijkatzmlnmm5v0xzmf.webp
:uwarincyanda:,https://storage.mebuki.moe/emojis/qi52pmdnxi4sqzuwc9vols3w.webp
:vsdarkrai:,https://storage.mebuki.moe/emojis/q4hxnzhjnec5outele8ubypn.webp
:wagunasu:,https://storage.mebuki.moe/emojis/f0qi0hf9a4akbb3ajnuetuwq.webp
:Kiwotuke_shinjauyo:,https://storage.mebuki.moe/emojis/qzhlt0ks8dde11hfp93z34am.webp
:wappi:,https://storage.mebuki.moe/emojis/ft4bj721inaao4r4bfh8iyak.webp
:waruibunmei:,https://storage.mebuki.moe/emojis/kpable5ml9mwbqc99a4kh4z8.webp
:bouryoku:,https://storage.mebuki.moe/emojis/bkfkdcuch3mlx28jwi30g1kd.webp
:yami:,https://storage.mebuki.moe/emojis/la90fiv5ld5pyyf6a4eh3yjz.webp
:yattaaa:,https://storage.mebuki.moe/emojis/qdpq7z3d6h5pniiuypm93rjd.webp
:hatanokokoro:,https://storage.mebuki.moe/emojis/n1k1hxy9agpsskkmrx0ibl95.webp
:yuetsu:,https://storage.mebuki.moe/emojis/zsz95xy9nrv62g89j1p4jy17.webp
:taimanin_sositu:,https://storage.mebuki.moe/emojis/vhqgfzp97mrqcq5eywgk2vl2.webp
:yuri:,https://storage.mebuki.moe/emojis/lwg3sc95788jlfklejva9s5t.webp
:zeero:,https://storage.mebuki.moe/emojis/sfbvu3v3td7th7q3ts8ee53l.webp
:sushinarusan:,https://storage.mebuki.moe/emojis/w6ob979g404osx738o9yxs74.webp
рҹҳҖ,
рҹҳғ,
рҹҳ„,
рҹҳҒ,
рҹҳҶ,
рҹҳ…,
рҹӨЈ,
рҹҳӮ,
рҹҷӮ,
рҹҷғ,
рҹ« ,
рҹҳү,
рҹҳҠ,
рҹҳҮ,
рҹҘ°,
рҹҳҚ,
рҹӨ©,
рҹҳҳ,
рҹҳ—,
вҳәпёҸ,
рҹҳҡ,
рҹҳҷ,
рҹҘІ,
рҹҳӢ,
рҹҳӣ,
рҹҳң,
рҹӨӘ,
рҹҳқ,
рҹӨ‘,
рҹӨ—,
рҹӨӯ,
рҹ«ў,
рҹ«Ј,
рҹӨ«,
рҹӨ”,
рҹ«Ў,
рҹӨҗ,
рҹӨЁ,
рҹҳҗ,
рҹҳ‘,
рҹҳ¶,
рҹ«Ҙ,
рҹҳ¶вҖҚрҹҢ«пёҸ,
рҹҳҸ,
рҹҳ’,
рҹҷ„,
рҹҳ¬,
рҹҳ®вҖҚрҹ’Ё,
рҹӨҘ,
рҹ«Ё,
рҹҷӮвҖҚвҶ”пёҸ,
рҹҷӮвҖҚвҶ•пёҸ,
рҹҳҢ,
рҹҳ”,
рҹҳӘ,
рҹӨӨ,
рҹҳҙ,
рҹ«©,
рҹҳ·,
рҹӨ’,
рҹӨ•,
рҹӨў,
рҹӨ®,
рҹӨ§,
рҹҘө,
рҹҘ¶,
рҹҘҙ,
рҹҳө,
рҹҳөвҖҚрҹ’«,
рҹӨҜ,
рҹӨ ,
рҹҘі,
рҹҘё,
рҹҳҺ,
рҹӨ“,
рҹ§җ,
рҹҳ•,
рҹ«Ө,
рҹҳҹ,
рҹҷҒ,
вҳ№пёҸ,
рҹҳ®,
рҹҳҜ,
рҹҳІ,
рҹҳі,
рҹҘә,
рҹҘ№,
рҹҳҰ,
рҹҳ§,
рҹҳЁ,
рҹҳ°,
рҹҳҘ,
рҹҳў,
рҹҳӯ,
рҹҳұ,
рҹҳ–,
рҹҳЈ,
рҹҳһ,
рҹҳ“,
рҹҳ©,
рҹҳ«,
рҹҘұ,
рҹҳӨ,
рҹҳЎ,
рҹҳ ,
рҹӨ¬,
рҹҳҲ,
рҹ‘ҝ,
рҹ’Җ,
вҳ пёҸ,
рҹ’©,
рҹӨЎ,
рҹ‘№,
рҹ‘ә,
рҹ‘Ӣ,
рҹӨҡ,
рҹ–җпёҸ,
вңӢ,
рҹ––,
рҹ«ұ,
рҹ«І,
рҹ«і,
рҹ«ҙ,
рҹ«·,
рҹ«ё,
рҹ‘Ң,
рҹӨҢ,
рҹӨҸ,
вңҢпёҸ,
рҹӨһ,
рҹ«°,
рҹӨҹ,
рҹӨҳ,
рҹӨҷ,
рҹ‘Ҳ,
рҹ‘ү,
рҹ‘Ҷ,
вҳқпёҸ,
рҹ«ө,
рҹ‘Қ,
вңҠ,
рҹ‘Ҡ,
рҹӨӣ,
рҹӨң,
рҹ‘Ҹ,
рҹҷҢ,
рҹ«¶,
рҹ‘җ,
рҹӨІ,
рҹӨқ,
рҹҷҸ,
вңҚпёҸ,
рҹ’…,
рҹӨі,
рҹ’Ә,
рҹҰҫ,
рҹҰҝ,
рҹҰө,
рҹҰ¶,
рҹ‘Ӯ,
рҹҰ»,
рҹ‘ғ,
рҹ§ ,
рҹ«Җ,
рҹ«Ғ,
рҹҰ·,
рҹҰҙ,
рҹ‘Җ,
рҹ‘ҒпёҸ,
рҹ‘…,
рҹ‘„,
рҹ«Ұ,
рҹ‘¶,
рҹ§’,
рҹ‘Ұ,
рҹ‘§,
рҹ§‘,
рҹ‘ұ,
рҹ‘Ё,
рҹ§”,
рҹ§”вҖҚвҷӮпёҸ,
рҹ§”вҖҚвҷҖпёҸ,
рҹ‘ЁвҖҚрҹҰ°,
рҹ‘ЁвҖҚрҹҰұ,
рҹ‘ЁвҖҚрҹҰі,
рҹ‘ЁвҖҚрҹҰІ,
рҹ‘©,
рҹ‘©вҖҚрҹҰ°,
рҹ§‘вҖҚрҹҰ°,
рҹ‘©вҖҚрҹҰұ,
рҹ§‘вҖҚрҹҰұ,
рҹ‘©вҖҚрҹҰі,
рҹ§‘вҖҚрҹҰі,
рҹ‘©вҖҚрҹҰІ,
рҹ§‘вҖҚрҹҰІ,
рҹ‘ұвҖҚвҷҖпёҸ,
рҹ‘ұвҖҚвҷӮпёҸ,
рҹ§“,
рҹ‘ҙ,
рҹ‘ө,
рҹҷҚ,
рҹҷҚвҖҚвҷӮпёҸ,
рҹҷҚвҖҚвҷҖпёҸ,
рҹҷҺ,
рҹҷҺвҖҚвҷӮпёҸ,
рҹҷҺвҖҚвҷҖпёҸ,
рҹҷ…,
рҹҷ…вҖҚвҷӮпёҸ,
рҹҷ…вҖҚвҷҖпёҸ,
рҹҷҶ,
рҹҷҶвҖҚвҷӮпёҸ,
рҹҷҶвҖҚвҷҖпёҸ,
рҹ’Ғ,
рҹ’ҒвҖҚвҷӮпёҸ,
рҹ’ҒвҖҚвҷҖпёҸ,
рҹҷӢ,
рҹҷӢвҖҚвҷӮпёҸ,
рҹҷӢвҖҚвҷҖпёҸ,
рҹ§Ҹ,
рҹ§ҸвҖҚвҷӮпёҸ,
рҹ§ҸвҖҚвҷҖпёҸ,
рҹҷҮ,
рҹҷҮвҖҚвҷӮпёҸ,
рҹҷҮвҖҚвҷҖпёҸ,
рҹӨҰ,
рҹӨҰвҖҚвҷӮпёҸ,
рҹӨҰвҖҚвҷҖпёҸ,
рҹӨ·,
рҹӨ·вҖҚвҷӮпёҸ,
рҹӨ·вҖҚвҷҖпёҸ,
рҹ§‘вҖҚвҡ•пёҸ,
рҹ‘ЁвҖҚвҡ•пёҸ,
рҹ‘©вҖҚвҡ•пёҸ,
рҹ§‘вҖҚрҹҺ“,
рҹ‘ЁвҖҚрҹҺ“,
рҹ‘©вҖҚрҹҺ“,
рҹ§‘вҖҚрҹҸ«,
рҹ‘ЁвҖҚрҹҸ«,
рҹ‘©вҖҚрҹҸ«,
рҹ§‘вҖҚвҡ–пёҸ,
рҹ‘ЁвҖҚвҡ–пёҸ,
рҹ‘©вҖҚвҡ–пёҸ,
рҹ§‘вҖҚрҹҢҫ,
рҹ‘ЁвҖҚрҹҢҫ,
рҹ‘©вҖҚрҹҢҫ,
рҹ§‘вҖҚрҹҚі,
рҹ‘ЁвҖҚрҹҚі,
рҹ‘©вҖҚрҹҚі,
рҹ§‘вҖҚрҹ”§,
рҹ‘ЁвҖҚрҹ”§,
рҹ‘©вҖҚрҹ”§,
рҹ§‘вҖҚрҹҸӯ,
рҹ‘ЁвҖҚрҹҸӯ,
рҹ‘©вҖҚрҹҸӯ,
рҹ§‘вҖҚрҹ’ј,
рҹ‘ЁвҖҚрҹ’ј,
рҹ‘©вҖҚрҹ’ј,
рҹ§‘вҖҚрҹ”¬,
рҹ‘ЁвҖҚрҹ”¬,
рҹ‘©вҖҚрҹ”¬,
рҹ§‘вҖҚрҹ’»,
рҹ‘ЁвҖҚрҹ’»,
рҹ‘©вҖҚрҹ’»,
рҹ§‘вҖҚрҹҺӨ,
рҹ‘ЁвҖҚрҹҺӨ,
рҹ‘©вҖҚрҹҺӨ,
рҹ§‘вҖҚрҹҺЁ,
рҹ‘ЁвҖҚрҹҺЁ,
рҹ‘©вҖҚрҹҺЁ,
рҹ§‘вҖҚвңҲпёҸ,
рҹ‘ЁвҖҚвңҲпёҸ,
рҹ‘©вҖҚвңҲпёҸ,
рҹ§‘вҖҚрҹҡҖ,
рҹ‘ЁвҖҚрҹҡҖ,
рҹ‘©вҖҚрҹҡҖ,
рҹ§‘вҖҚрҹҡ’,
рҹ‘ЁвҖҚрҹҡ’,
рҹ‘©вҖҚрҹҡ’,
рҹ‘®,
рҹ‘®вҖҚвҷӮпёҸ,
рҹ‘®вҖҚвҷҖпёҸ,
рҹ•өпёҸ,
рҹ•өпёҸвҖҚвҷӮпёҸ,
рҹ•өпёҸвҖҚвҷҖпёҸ,
рҹ’Ӯ,
рҹ’ӮвҖҚвҷӮпёҸ,
рҹ’ӮвҖҚвҷҖпёҸ,
рҹҘ·,
рҹ‘·,
рҹ‘·вҖҚвҷӮпёҸ,
рҹ‘·вҖҚвҷҖпёҸ,
рҹ«…,
рҹӨҙ,
рҹ‘ё,
рҹ‘і,
рҹ‘івҖҚвҷӮпёҸ,
рҹ‘івҖҚвҷҖпёҸ,
рҹ‘І,
рҹ§•,
рҹӨө,
рҹӨөвҖҚвҷӮпёҸ,
рҹӨөвҖҚвҷҖпёҸ,
рҹ‘°,
рҹ‘°вҖҚвҷӮпёҸ,
рҹ‘°вҖҚвҷҖпёҸ,
рҹӨ°,
рҹ«ғ,
рҹ«„,
рҹӨұ,
рҹ‘©вҖҚрҹҚј,
рҹ‘ЁвҖҚрҹҚј,
рҹ§‘вҖҚрҹҚј,
рҹ‘ј,
рҹҺ…,
рҹӨ¶,
рҹ§‘вҖҚрҹҺ„,
рҹҰё,
рҹҰёвҖҚвҷӮпёҸ,
рҹҰёвҖҚвҷҖпёҸ,
рҹҰ№,
рҹҰ№вҖҚвҷӮпёҸ,
рҹҰ№вҖҚвҷҖпёҸ,
рҹ§ҷ,
рҹ§ҷвҖҚвҷӮпёҸ,
рҹ§ҷвҖҚвҷҖпёҸ,
рҹ§ҡ,
рҹ§ҡвҖҚвҷӮпёҸ,
рҹ§ҡвҖҚвҷҖпёҸ,
рҹ§ӣ,
рҹ§ӣвҖҚвҷӮпёҸ,
рҹ§ӣвҖҚвҷҖпёҸ,
рҹ§ң,
рҹ§ңвҖҚвҷӮпёҸ,
рҹ§ңвҖҚвҷҖпёҸ,
рҹ§қ,
рҹ§қвҖҚвҷӮпёҸ,
рҹ§қвҖҚвҷҖпёҸ,
рҹ§һ,
рҹ§һвҖҚвҷӮпёҸ,
рҹ§һвҖҚвҷҖпёҸ,
рҹ§ҹ,
рҹ§ҹвҖҚвҷӮпёҸ,
рҹ§ҹвҖҚвҷҖпёҸ,
рҹ§Ң,
рҹ’Ҷ,
рҹ’ҶвҖҚвҷӮпёҸ,
рҹ’ҶвҖҚвҷҖпёҸ,
рҹ’Ү,
рҹ’ҮвҖҚвҷӮпёҸ,
рҹ’ҮвҖҚвҷҖпёҸ,
рҹҡ¶,
рҹҡ¶вҖҚвҷӮпёҸ,
рҹҡ¶вҖҚвҷҖпёҸ,
рҹҡ¶вҖҚвһЎпёҸ,
рҹҡ¶вҖҚвҷҖпёҸвҖҚвһЎпёҸ,
рҹҡ¶вҖҚвҷӮпёҸвҖҚвһЎпёҸ,
рҹ§Қ,
рҹ§ҚвҖҚвҷӮпёҸ,
рҹ§ҚвҖҚвҷҖпёҸ,
рҹ§Һ,
рҹ§ҺвҖҚвҷӮпёҸ,
рҹ§ҺвҖҚвҷҖпёҸ,
рҹ§ҺвҖҚвһЎпёҸ,
рҹ§ҺвҖҚвҷҖпёҸвҖҚвһЎпёҸ,
рҹ§ҺвҖҚвҷӮпёҸвҖҚвһЎпёҸ,
рҹ§‘вҖҚрҹҰҜ,
рҹ§‘вҖҚрҹҰҜвҖҚвһЎпёҸ,
рҹ‘ЁвҖҚрҹҰҜ,
рҹ‘ЁвҖҚрҹҰҜвҖҚвһЎпёҸ,
рҹ‘©вҖҚрҹҰҜ,
рҹ‘©вҖҚрҹҰҜвҖҚвһЎпёҸ,
рҹ§‘вҖҚрҹҰј,
рҹ§‘вҖҚрҹҰјвҖҚвһЎпёҸ,
рҹ‘ЁвҖҚрҹҰј,
рҹ‘ЁвҖҚрҹҰјвҖҚвһЎпёҸ,
рҹ‘©вҖҚрҹҰј,
рҹ‘©вҖҚрҹҰјвҖҚвһЎпёҸ,
рҹ§‘вҖҚрҹҰҪ,
рҹ§‘вҖҚрҹҰҪвҖҚвһЎпёҸ,
рҹ‘ЁвҖҚрҹҰҪ,
рҹ‘ЁвҖҚрҹҰҪвҖҚвһЎпёҸ,
рҹ‘©вҖҚрҹҰҪ,
рҹ‘©вҖҚрҹҰҪвҖҚвһЎпёҸ,
рҹҸғ,
рҹҸғвҖҚвҷӮпёҸ,
рҹҸғвҖҚвҷҖпёҸ,
рҹҸғвҖҚвһЎпёҸ,
рҹҸғвҖҚвҷҖпёҸвҖҚвһЎпёҸ,
рҹҸғвҖҚвҷӮпёҸвҖҚвһЎпёҸ,
рҹ’ғ,
рҹ•ә,
рҹ•ҙпёҸ,
рҹ‘Ҝ,
рҹ‘ҜвҖҚвҷӮпёҸ,
рҹ‘ҜвҖҚвҷҖпёҸ,
рҹ§–,
рҹ§–вҖҚвҷӮпёҸ,
рҹ§–вҖҚвҷҖпёҸ,
рҹ§—,
рҹ§—вҖҚвҷӮпёҸ,
рҹ§—вҖҚвҷҖпёҸ,
рҹӨә,
рҹҸҮ,
вӣ·пёҸ,
рҹҸӮ,
рҹҸҢпёҸ,
рҹҸҢпёҸвҖҚвҷӮпёҸ,
рҹҸҢпёҸвҖҚвҷҖпёҸ,
рҹҸ„,
рҹҸ„вҖҚвҷӮпёҸ,
рҹҸ„вҖҚвҷҖпёҸ,
рҹҡЈ,
рҹҡЈвҖҚвҷӮпёҸ,
рҹҡЈвҖҚвҷҖпёҸ,
рҹҸҠ,
рҹҸҠвҖҚвҷӮпёҸ,
рҹҸҠвҖҚвҷҖпёҸ,
вӣ№пёҸ,
вӣ№пёҸвҖҚвҷӮпёҸ,
вӣ№пёҸвҖҚвҷҖпёҸ,
рҹҸӢпёҸ,
рҹҸӢпёҸвҖҚвҷӮпёҸ,
рҹҸӢпёҸвҖҚвҷҖпёҸ,
рҹҡҙ,
рҹҡҙвҖҚвҷӮпёҸ,
рҹҡҙвҖҚвҷҖпёҸ,
рҹҡө,
рҹҡөвҖҚвҷӮпёҸ,
рҹҡөвҖҚвҷҖпёҸ,
рҹӨё,
рҹӨёвҖҚвҷӮпёҸ,
рҹӨёвҖҚвҷҖпёҸ,
рҹӨј,
рҹӨјвҖҚвҷӮпёҸ,
рҹӨјвҖҚвҷҖпёҸ,
рҹӨҪ,
рҹӨҪвҖҚвҷӮпёҸ,
рҹӨҪвҖҚвҷҖпёҸ,
рҹӨҫ,
рҹӨҫвҖҚвҷӮпёҸ,
рҹӨҫвҖҚвҷҖпёҸ,
рҹӨ№,
рҹӨ№вҖҚвҷӮпёҸ,
рҹӨ№вҖҚвҷҖпёҸ,
рҹ§ҳ,
рҹ§ҳвҖҚвҷӮпёҸ,
рҹ§ҳвҖҚвҷҖпёҸ,
рҹӣҖ,
рҹӣҢ,
рҹ§‘вҖҚрҹӨқвҖҚрҹ§‘,
рҹ‘ӯ,
рҹ‘«,
рҹ‘¬,
рҹ’Ҹ,
рҹ‘©вҖҚвқӨпёҸвҖҚрҹ’ӢвҖҚрҹ‘Ё,
рҹ‘ЁвҖҚвқӨпёҸвҖҚрҹ’ӢвҖҚрҹ‘Ё,
рҹ‘©вҖҚвқӨпёҸвҖҚрҹ’ӢвҖҚрҹ‘©,
рҹ’‘,
рҹ‘©вҖҚвқӨпёҸвҖҚрҹ‘Ё,
рҹ‘ЁвҖҚвқӨпёҸвҖҚрҹ‘Ё,
рҹ‘©вҖҚвқӨпёҸвҖҚрҹ‘©,
рҹ‘ЁвҖҚрҹ‘©вҖҚрҹ‘Ұ,
рҹ‘ЁвҖҚрҹ‘©вҖҚрҹ‘§,
рҹ‘ЁвҖҚрҹ‘©вҖҚрҹ‘§вҖҚрҹ‘Ұ,
рҹ‘ЁвҖҚрҹ‘©вҖҚрҹ‘ҰвҖҚрҹ‘Ұ,
рҹ‘ЁвҖҚрҹ‘©вҖҚрҹ‘§вҖҚрҹ‘§,
рҹ‘ЁвҖҚрҹ‘ЁвҖҚрҹ‘Ұ,
рҹ‘ЁвҖҚрҹ‘ЁвҖҚрҹ‘§,
рҹ‘ЁвҖҚрҹ‘ЁвҖҚрҹ‘§вҖҚрҹ‘Ұ,
рҹ‘ЁвҖҚрҹ‘ЁвҖҚрҹ‘ҰвҖҚрҹ‘Ұ,
рҹ‘ЁвҖҚрҹ‘ЁвҖҚрҹ‘§вҖҚрҹ‘§,
рҹ‘©вҖҚрҹ‘©вҖҚрҹ‘Ұ,
рҹ‘©вҖҚрҹ‘©вҖҚрҹ‘§,
рҹ‘©вҖҚрҹ‘©вҖҚрҹ‘§вҖҚрҹ‘Ұ,
рҹ‘©вҖҚрҹ‘©вҖҚрҹ‘ҰвҖҚрҹ‘Ұ,
рҹ‘©вҖҚрҹ‘©вҖҚрҹ‘§вҖҚрҹ‘§,
рҹ‘ЁвҖҚрҹ‘Ұ,
рҹ‘ЁвҖҚрҹ‘ҰвҖҚрҹ‘Ұ,
рҹ‘ЁвҖҚрҹ‘§,
рҹ‘ЁвҖҚрҹ‘§вҖҚрҹ‘Ұ,
рҹ‘ЁвҖҚрҹ‘§вҖҚрҹ‘§,
рҹ‘©вҖҚрҹ‘Ұ,
рҹ‘©вҖҚрҹ‘ҰвҖҚрҹ‘Ұ,
рҹ‘©вҖҚрҹ‘§,
рҹ‘©вҖҚрҹ‘§вҖҚрҹ‘Ұ,
рҹ‘©вҖҚрҹ‘§вҖҚрҹ‘§,
рҹ—ЈпёҸ,
рҹ‘Ө,
рҹ‘Ҙ,
рҹ«Ӯ,
рҹ‘Ә,
рҹ§‘вҖҚрҹ§‘вҖҚрҹ§’,
рҹ§‘вҖҚрҹ§‘вҖҚрҹ§’вҖҚрҹ§’,
рҹ§‘вҖҚрҹ§’,
рҹ§‘вҖҚрҹ§’вҖҚрҹ§’,
рҹ‘Ј,
рҹ«Ҷ,
рҹ‘»,
рҹ‘Ҫ,
рҹ‘ҫ,
рҹӨ–,
рҹҳә,
рҹҳё,
рҹҳ№,
рҹҳ»,
рҹҳј,
рҹҳҪ,
рҹҷҖ,
рҹҳҝ,
рҹҳҫ,
рҹҷҲ,
рҹҷү,
рҹҷҠ,
рҹ’Ң,
рҹ’ҳ,
рҹ’қ,
рҹ’–,
рҹ’—,
рҹ’“,
рҹ’һ,
рҹ’•,
рҹ’ҹ,
вқЈпёҸ,
рҹ’”,
вқӨпёҸвҖҚрҹ”Ҙ,
вқӨпёҸвҖҚрҹ©№,
вқӨпёҸ,
рҹ©·,
рҹ§Ў,
рҹ’ӣ,
рҹ’ҡ,
рҹ’ҷ,
рҹ©ө,
рҹ’ң,
рҹӨҺ,
рҹ–Ө,
рҹ©¶,
рҹӨҚ,
рҹ’Ӣ,
рҹ’Ҝ,
рҹ’ў,
рҹ’Ҙ,
рҹ’«,
рҹ’Ұ,
рҹ’Ё,
рҹ•іпёҸ,
рҹ’¬,
рҹ‘ҒпёҸвҖҚрҹ—ЁпёҸ,
рҹ—ЁпёҸ,
рҹ—ҜпёҸ,
рҹ’ӯ,
рҹ’Ө,
рҹҗө,
рҹҗ’,
рҹҰҚ,
рҹҰ§,
рҹҗ¶,
рҹҗ•,
рҹҰ®,
рҹҗ•вҖҚрҹҰә,
рҹҗ©,
рҹҗә,
рҹҰҠ,
рҹҰқ,
рҹҗұ,
рҹҗҲ,
рҹҗҲвҖҚв¬ӣ,
рҹҰҒ,
рҹҗҜ,
рҹҗ…,
рҹҗҶ,
рҹҗҙ,
рҹ«Һ,
рҹ«Ҹ,
рҹҗҺ,
рҹҰ„,
рҹҰ“,
рҹҰҢ,
рҹҰ¬,
рҹҗ®,
рҹҗӮ,
рҹҗғ,
рҹҗ„,
рҹҗ·,
рҹҗ–,
рҹҗ—,
рҹҗҪ,
рҹҗҸ,
рҹҗ‘,
рҹҗҗ,
рҹҗӘ,
рҹҗ«,
рҹҰҷ,
рҹҰ’,
рҹҗҳ,
рҹҰЈ,
рҹҰҸ,
рҹҰӣ,
рҹҗӯ,
рҹҗҒ,
рҹҗҖ,
рҹҗ№,
рҹҗ°,
рҹҗҮ,
рҹҗҝпёҸ,
рҹҰ«,
рҹҰ”,
рҹҰҮ,
рҹҗ»,
рҹҗ»вҖҚвқ„пёҸ,
рҹҗЁ,
рҹҗј,
рҹҰҘ,
рҹҰҰ,
рҹҰЁ,
рҹҰҳ,
рҹҰЎ,
рҹҗҫ,
рҹҰғ,
рҹҗ”,
рҹҗ“,
рҹҗЈ,
рҹҗӨ,
рҹҗҘ,
рҹҗҰ,
рҹҗ§,
рҹ•ҠпёҸ,
рҹҰ…,
рҹҰҶ,
рҹҰў,
рҹҰү,
рҹҰӨ,
рҹӘ¶,
рҹҰ©,
рҹҰҡ,
рҹҰң,
рҹӘҪ,
рҹҗҰвҖҚв¬ӣ,
рҹӘҝ,
рҹҗҰвҖҚрҹ”Ҙ,
рҹҗё,
рҹҗҠ,
рҹҗў,
рҹҰҺ,
рҹҗҚ,
рҹҗІ,
рҹҗү,
рҹҰ•,
рҹҰ–,
рҹҗі,
рҹҗӢ,
рҹҗ¬,
рҹҰӯ,
рҹҗҹ,
рҹҗ ,
рҹҗЎ,
рҹҰҲ,
рҹҗҷ,
рҹҗҡ,
рҹӘё,
рҹӘј,
рҹҰҖ,
рҹҰһ,
рҹҰҗ,
рҹҰ‘,
рҹҰӘ,
рҹҗҢ,
рҹҰӢ,
рҹҗӣ,
рҹҗң,
рҹҗқ,
рҹӘІ,
рҹҗһ,
рҹҰ—,
рҹӘі,
рҹ•·пёҸ,
рҹ•ёпёҸ,
рҹҰӮ,
рҹҰҹ,
рҹӘ°,
рҹӘұ,
рҹҰ ,
рҹ’җ,
рҹҢё,
рҹ’®,
рҹӘ·,
рҹҸөпёҸ,
рҹҢ№,
рҹҘҖ,
рҹҢә,
рҹҢ»,
рҹҢј,
рҹҢ·,
рҹӘ»,
рҹҢұ,
рҹӘҙ,
рҹҢІ,
рҹҢі,
рҹҢҙ,
рҹҢө,
рҹҢҫ,
рҹҢҝ,
вҳҳпёҸ,
рҹҚҖ,
рҹҚҒ,
рҹҚӮ,
рҹҚғ,
рҹӘ№,
рҹӘә,
рҹҚ„,
рҹӘҫ,
рҹҚҮ,
рҹҚҲ,
рҹҚү,
рҹҚҠ,
рҹҚӢ,
рҹҚӢвҖҚрҹҹ©,
рҹҚҢ,
рҹҚҚ,
рҹҘӯ,
рҹҚҺ,
рҹҚҸ,
рҹҚҗ,
рҹҚ‘,
рҹҚ’,
рҹҚ“,
рҹ«җ,
рҹҘқ,
рҹҚ…,
рҹ«’,
рҹҘҘ,
рҹҘ‘,
рҹҚҶ,
рҹҘ”,
рҹҘ•,
рҹҢҪ,
рҹҢ¶пёҸ,
рҹ«‘,
рҹҘ’,
рҹҘ¬,
рҹҘҰ,
рҹ§„,
рҹ§…,
рҹҘң,
рҹ«ҳ,
рҹҢ°,
рҹ«ҡ,
рҹ«ӣ,
рҹҚ„вҖҚрҹҹ«,
рҹ«ң,
рҹҚһ,
рҹҘҗ,
рҹҘ–,
рҹ«“,
рҹҘЁ,
рҹҘҜ,
рҹҘһ,
рҹ§Ү,
рҹ§Җ,
рҹҚ–,
рҹҚ—,
рҹҘ©,
рҹҘ“,
рҹҚ”,
рҹҚҹ,
рҹҚ•,
рҹҢӯ,
рҹҘӘ,
рҹҢ®,
рҹҢҜ,
рҹ«”,
рҹҘҷ,
рҹ§Ҷ,
рҹҘҡ,
рҹҚі,
рҹҘҳ,
рҹҚІ,
рҹ«•,
рҹҘЈ,
рҹҘ—,
рҹҚҝ,
рҹ§Ҳ,
рҹ§Ӯ,
рҹҘ«,
рҹҚұ,
рҹҚҳ,
рҹҚҷ,
рҹҚҡ,
рҹҚӣ,
рҹҚң,
рҹҚқ,
рҹҚ ,
рҹҚў,
рҹҚЈ,
рҹҚӨ,
рҹҚҘ,
рҹҘ®,
рҹҚЎ,
рҹҘҹ,
рҹҘ ,
рҹҘЎ,
рҹҚҰ,
рҹҚ§,
рҹҚЁ,
рҹҚ©,
рҹҚӘ,
рҹҺӮ,
рҹҚ°,
рҹ§Ғ,
рҹҘ§,
рҹҚ«,
рҹҚ¬,
рҹҚӯ,
рҹҚ®,
рҹҚҜ,
рҹҚј,
рҹҘӣ,
вҳ•,
рҹ«–,
рҹҚө,
рҹҚ¶,
рҹҚҫ,
рҹҚ·,
рҹҚё,
рҹҚ№,
рҹҚә,
рҹҚ»,
рҹҘӮ,
рҹҘғ,
рҹ«—,
рҹҘӨ,
рҹ§Ӣ,
рҹ§ғ,
рҹ§ү,
рҹ§Ҡ,
рҹҘў,
рҹҚҪпёҸ,
рҹҚҙ,
рҹҘ„,
рҹ”Ә,
рҹ«ҷ,
рҹҸә,
рҹҺғ,
рҹҺ„,
рҹҺҶ,
рҹҺҮ,
рҹ§Ё,
вңЁ,
рҹҺҲ,
рҹҺү,
рҹҺҠ,
рҹҺӢ,
рҹҺҚ,
рҹҺҺ,
рҹҺҸ,
рҹҺҗ,
рҹҺ‘,
рҹ§§,
рҹҺҖ,
рҹҺҒ,
рҹҺ—пёҸ,
рҹҺҹпёҸ,
рҹҺ«,
рҹҺ–пёҸ,
рҹҸҶ,
рҹҸ…,
рҹҘҮ,
рҹҘҲ,
рҹҘү,
вҡҪ,
вҡҫ,
рҹҘҺ,
рҹҸҖ,
рҹҸҗ,
рҹҸҲ,
рҹҸү,
рҹҺҫ,
рҹҘҸ,
рҹҺі,
рҹҸҸ,
рҹҸ‘,
рҹҸ’,
рҹҘҚ,
рҹҸ“,
рҹҸё,
рҹҘҠ,
рҹҘӢ,
рҹҘ…,
вӣі,
вӣёпёҸ,
рҹҺЈ,
рҹӨҝ,
рҹҺҪ,
рҹҺҝ,
рҹӣ·,
рҹҘҢ,
рҹҺҜ,
рҹӘҖ,
рҹӘҒ,
рҹ”«,
рҹҺұ,
рҹ”®,
рҹӘ„,
рҹҺ®,
рҹ•№пёҸ,
рҹҺ°,
рҹҺІ,
рҹ§©,
рҹ§ё,
рҹӘ…,
рҹӘ©,
рҹӘҶ,
вҷ пёҸ,
вҷҘпёҸ,
вҷҰпёҸ,
вҷЈпёҸ,
вҷҹпёҸ,
рҹғҸ,
рҹҖ„,
рҹҺҙ,
рҹҺӯ,
рҹ–јпёҸ,
рҹҺЁ,
рҹ§ө,
рҹӘЎ,
рҹ§¶,
рҹӘў,
рҹҢҚ,
рҹҢҺ,
рҹҢҸ,
рҹҢҗ,
рҹ—әпёҸ,
рҹ—ҫ,
рҹ§ӯ,
рҹҸ”пёҸ,
вӣ°пёҸ,
рҹҢӢ,
рҹ—»,
рҹҸ•пёҸ,
рҹҸ–пёҸ,
рҹҸңпёҸ,
рҹҸқпёҸ,
рҹҸһпёҸ,
рҹҸҹпёҸ,
рҹҸӣпёҸ,
рҹҸ—пёҸ,
рҹ§ұ,
рҹӘЁ,
рҹӘө,
рҹӣ–,
рҹҸҳпёҸ,
рҹҸҡпёҸ,
рҹҸ ,
рҹҸЎ,
рҹҸў,
рҹҸЈ,
рҹҸӨ,
рҹҸҘ,
рҹҸҰ,
рҹҸЁ,
рҹҸ©,
рҹҸӘ,
рҹҸ«,
рҹҸ¬,
рҹҸӯ,
рҹҸҜ,
рҹҸ°,
рҹ’’,
рҹ—ј,
рҹ—Ҫ,
вӣӘ,
рҹ•Ң,
рҹӣ•,
рҹ•Қ,
вӣ©пёҸ,
рҹ•Ӣ,
вӣІ,
вӣә,
рҹҢҒ,
рҹҢғ,
рҹҸҷпёҸ,
рҹҢ„,
рҹҢ…,
рҹҢҶ,
рҹҢҮ,
рҹҢү,
вҷЁпёҸ,
рҹҺ ,
рҹӣқ,
рҹҺЎ,
рҹҺў,
рҹ’Ҳ,
рҹҺӘ,
рҹҡӮ,
рҹҡғ,
рҹҡ„,
рҹҡ…,
рҹҡҶ,
рҹҡҮ,
рҹҡҲ,
рҹҡү,
рҹҡҠ,
рҹҡқ,
рҹҡһ,
рҹҡӢ,
рҹҡҢ,
рҹҡҚ,
рҹҡҺ,
рҹҡҗ,
рҹҡ‘,
рҹҡ’,
рҹҡ“,
рҹҡ”,
рҹҡ•,
рҹҡ–,
рҹҡ—,
рҹҡҳ,
рҹҡҷ,
рҹӣ»,
рҹҡҡ,
рҹҡӣ,
рҹҡң,
рҹҸҺпёҸ,
рҹҸҚпёҸ,
рҹӣө,
рҹҰҪ,
рҹҰј,
рҹӣә,
рҹҡІ,
рҹӣҙ,
рҹӣ№,
рҹӣј,
рҹҡҸ,
рҹӣЈпёҸ,
рҹӣӨпёҸ,
рҹӣўпёҸ,
вӣҪ,
рҹӣһ,
рҹҡЁ,
рҹҡҘ,
рҹҡҰ,
рҹӣ‘,
рҹҡ§,
вҡ“,
рҹӣҹ,
вӣө,
рҹӣ¶,
рҹҡӨ,
рҹӣіпёҸ,
вӣҙпёҸ,
рҹӣҘпёҸ,
рҹҡў,
вңҲпёҸ,
рҹӣ©пёҸ,
рҹӣ«,
рҹӣ¬,
рҹӘӮ,
рҹ’ә,
рҹҡҒ,
рҹҡҹ,
рҹҡ ,
рҹҡЎ,
рҹӣ°пёҸ,
рҹҡҖ,
рҹӣё,
рҹӣҺпёҸ,
рҹ§і,
вҢӣ,
вҸі,
вҢҡ,
вҸ°,
вҸұпёҸ,
вҸІпёҸ,
рҹ•°пёҸ,
рҹ•ӣ,
рҹ•§,
рҹ•җ,
рҹ•ң,
рҹ•‘,
рҹ•қ,
рҹ•’,
рҹ•һ,
рҹ•“,
рҹ•ҹ,
рҹ•”,
рҹ• ,
рҹ••,
рҹ•Ў,
рҹ•–,
рҹ•ў,
рҹ•—,
рҹ•Ј,
рҹ•ҳ,
рҹ•Ө,
рҹ•ҷ,
рҹ•Ҙ,
рҹ•ҡ,
рҹ•Ұ,
рҹҢ‘,
рҹҢ’,
рҹҢ“,
рҹҢ”,
рҹҢ•,
рҹҢ–,
рҹҢ—,
рҹҢҳ,
рҹҢҷ,
рҹҢҡ,
рҹҢӣ,
рҹҢң,
рҹҢЎпёҸ,
вҳҖпёҸ,
рҹҢқ,
рҹҢһ,
рҹӘҗ,
вӯҗ,
рҹҢҹ,
рҹҢ ,
рҹҢҢ,
вҳҒпёҸ,
вӣ…,
вӣҲпёҸ,
рҹҢӨпёҸ,
рҹҢҘпёҸ,
рҹҢҰпёҸ,
рҹҢ§пёҸ,
рҹҢЁпёҸ,
рҹҢ©пёҸ,
рҹҢӘпёҸ,
рҹҢ«пёҸ,
рҹҢ¬пёҸ,
рҹҢҖ,
рҹҢҲ,
рҹҢӮ,
вҳӮпёҸ,
вҳ”,
вӣұпёҸ,
вҡЎ,
вқ„пёҸ,
вҳғпёҸ,
вӣ„,
вҳ„пёҸ,
рҹ”Ҙ,
рҹ’§,
рҹҢҠ,
рҹ‘“,
рҹ•¶пёҸ,
рҹҘҪ,
рҹҘј,
рҹҰә,
рҹ‘”,
рҹ‘•,
рҹ‘–,
рҹ§Ј,
рҹ§Ө,
рҹ§Ҙ,
рҹ§Ұ,
рҹ‘—,
рҹ‘ҳ,
рҹҘ»,
рҹ©ұ,
рҹ©І,
рҹ©і,
рҹ‘ҷ,
рҹ‘ҡ,
рҹӘӯ,
рҹ‘ӣ,
рҹ‘ң,
рҹ‘қ,
рҹӣҚпёҸ,
рҹҺ’,
рҹ©ҙ,
рҹ‘һ,
рҹ‘ҹ,
рҹҘҫ,
рҹҘҝ,
рҹ‘ ,
рҹ‘Ў,
рҹ©°,
рҹ‘ў,
рҹӘ®,
рҹ‘‘,
рҹ‘’,
рҹҺ©,
рҹҺ“,
рҹ§ў,
рҹӘ–,
вӣ‘пёҸ,
рҹ“ҝ,
рҹ’„,
рҹ’Қ,
рҹ’Һ,
рҹ”Ү,
рҹ”Ҳ,
рҹ”ү,
рҹ”Ҡ,
рҹ“ў,
рҹ“Ј,
рҹ“Ҝ,
рҹ””,
рҹ”•,
рҹҺј,
рҹҺө,
рҹҺ¶,
рҹҺҷпёҸ,
рҹҺҡпёҸ,
рҹҺӣпёҸ,
рҹҺӨ,
рҹҺ§,
рҹ“»,
рҹҺ·,
рҹӘ—,
рҹҺё,
рҹҺ№,
рҹҺә,
рҹҺ»,
рҹӘ•,
рҹҘҒ,
рҹӘҳ,
рҹӘҮ,
рҹӘҲ,
рҹӘү,
рҹ“ұ,
рҹ“І,
вҳҺпёҸ,
рҹ“һ,
рҹ“ҹ,
рҹ“ ,
рҹ”Ӣ,
рҹӘ«,
рҹ”Ң,
рҹ’»,
рҹ–ҘпёҸ,
рҹ–ЁпёҸ,
вҢЁпёҸ,
рҹ–ұпёҸ,
рҹ–ІпёҸ,
рҹ’Ҫ,
рҹ’ҫ,
рҹ’ҝ,
рҹ“Җ,
рҹ§®,
рҹҺҘ,
рҹҺһпёҸ,
рҹ“ҪпёҸ,
рҹҺ¬,
рҹ“ә,
рҹ“·,
рҹ“ё,
рҹ“№,
рҹ“ј,
рҹ”Қ,
рҹ”Һ,
рҹ•ҜпёҸ,
рҹ’Ў,
рҹ”Ұ,
рҹҸ®,
рҹӘ”,
рҹ“”,
рҹ“•,
рҹ“–,
рҹ“—,
рҹ“ҳ,
рҹ“ҷ,
рҹ“ҡ,
рҹ““,
рҹ“’,
рҹ“ғ,
рҹ“ң,
рҹ“„,
рҹ“°,
рҹ—һпёҸ,
рҹ“‘,
рҹ”–,
рҹҸ·пёҸ,
рҹ’°,
рҹӘҷ,
рҹ’ҙ,
рҹ’ө,
рҹ’¶,
рҹ’·,
рҹ’ё,
рҹ’і,
рҹ§ҫ,
рҹ’№,
вңүпёҸ,
рҹ“§,
рҹ“Ё,
рҹ“©,
рҹ“Ө,
рҹ“Ҙ,
рҹ“Ұ,
рҹ“«,
рҹ“Ә,
рҹ“¬,
рҹ“ӯ,
рҹ“®,
рҹ—іпёҸ,
вңҸпёҸ,
вң’пёҸ,
рҹ–ӢпёҸ,
рҹ–ҠпёҸ,
рҹ–ҢпёҸ,
рҹ–ҚпёҸ,
рҹ“қ,
рҹ’ј,
рҹ“Ғ,
рҹ“Ӯ,
рҹ—ӮпёҸ,
рҹ“…,
рҹ“Ҷ,
рҹ—’пёҸ,
рҹ—“пёҸ,
рҹ“Ү,
рҹ“Ҳ,
рҹ“ү,
рҹ“Ҡ,
рҹ“Ӣ,
рҹ“Ң,
рҹ“Қ,
рҹ“Һ,
рҹ–ҮпёҸ,
рҹ“Ҹ,
рҹ“җ,
вңӮпёҸ,
рҹ—ғпёҸ,
рҹ—„пёҸ,
рҹ—‘пёҸ,
рҹ”’,
рҹ”“,
рҹ”Ҹ,
рҹ”җ,
рҹ”‘,
рҹ—қпёҸ,
рҹ”Ё,
рҹӘ“,
вӣҸпёҸ,
вҡ’пёҸ,
рҹӣ пёҸ,
рҹ—ЎпёҸ,
вҡ”пёҸ,
рҹ’Ј,
рҹӘғ,
рҹҸ№,
рҹӣЎпёҸ,
рҹӘҡ,
рҹ”§,
рҹӘӣ,
рҹ”©,
вҡҷпёҸ,
рҹ—ңпёҸ,
вҡ–пёҸ,
рҹҰҜ,
рҹ”—,
вӣ“пёҸвҖҚрҹ’Ҙ,
вӣ“пёҸ,
рҹӘқ,
рҹ§°,
рҹ§І,
рҹӘң,
рҹӘҸ,
вҡ—пёҸ,
рҹ§Ә,
рҹ§«,
рҹ§¬,
рҹ”¬,
рҹ”ӯ,
рҹ“Ў,
рҹ’ү,
рҹ©ё,
рҹ’Ҡ,
рҹ©№,
рҹ©ј,
рҹ©ә,
рҹ©»,
рҹҡӘ,
рҹӣ—,
рҹӘһ,
рҹӘҹ,
рҹӣҸпёҸ,
рҹӣӢпёҸ,
рҹӘ‘,
рҹҡҪ,
рҹӘ ,
рҹҡҝ,
рҹӣҒ,
рҹӘӨ,
рҹӘ’,
рҹ§ҙ,
рҹ§·,
рҹ§№,
рҹ§ә,
рҹ§»,
рҹӘЈ,
рҹ§ј,
рҹ«§,
рҹӘҘ,
рҹ§Ҫ,
рҹ§Ҝ,
рҹӣ’,
рҹҡ¬,
вҡ°пёҸ,
рҹӘҰ,
вҡұпёҸ,
рҹ§ҝ,
рҹӘ¬,
рҹ—ҝ,
рҹӘ§,
рҹӘӘ,
рҹҸ§,
рҹҡ®,
рҹҡ°,
вҷҝ,
рҹҡ№,
рҹҡә,
рҹҡ»,
рҹҡј,
рҹҡҫ,
рҹӣӮ,
рҹӣғ,
рҹӣ„,
рҹӣ…,
вҡ пёҸ,
рҹҡё,
вӣ”,
рҹҡ«,
рҹҡі,
рҹҡӯ,
рҹҡҜ,
рҹҡұ,
рҹҡ·,
рҹ“ө,
рҹ”һ,
вҳўпёҸ,
вҳЈпёҸ,
в¬ҶпёҸ,
вҶ—пёҸ,
вһЎпёҸ,
вҶҳпёҸ,
в¬ҮпёҸ,
вҶҷпёҸ,
в¬…пёҸ,
вҶ–пёҸ,
вҶ•пёҸ,
вҶ”пёҸ,
вҶ©пёҸ,
вҶӘпёҸ,
вӨҙпёҸ,
вӨөпёҸ,
рҹ”ғ,
рҹ”„,
рҹ”ҷ,
рҹ”ҡ,
рҹ”ӣ,
рҹ”ң,
рҹ”қ,
рҹӣҗ,
вҡӣпёҸ,
рҹ•үпёҸ,
вңЎпёҸ,
вҳёпёҸ,
вҳҜпёҸ,
вңқпёҸ,
вҳҰпёҸ,
вҳӘпёҸ,
вҳ®пёҸ,
рҹ•Һ,
рҹ”Ҝ,
рҹӘҜ,
вҷҲ,
вҷү,
вҷҠ,
вҷӢ,
вҷҢ,
вҷҚ,
вҷҺ,
вҷҸ,
вҷҗ,
вҷ‘,
вҷ’,
вҷ“,
вӣҺ,
рҹ”Җ,
рҹ”Ғ,
рҹ”Ӯ,
в–¶пёҸ,
вҸ©,
вҸӯпёҸ,
вҸҜпёҸ,
в—ҖпёҸ,
вҸӘ,
вҸ®пёҸ,
рҹ”ј,
вҸ«,
рҹ”Ҫ,
вҸ¬,
вҸёпёҸ,
вҸ№пёҸ,
вҸәпёҸ,
вҸҸпёҸ,
рҹҺҰ,
рҹ”…,
рҹ”Ҷ,
рҹ“¶,
рҹӣң,
рҹ“і,
рҹ“ҙ,
вҷҖпёҸ,
вҷӮпёҸ,
вҡ§пёҸ,
вң–пёҸ,
вһ•,
вһ–,
вһ—,
рҹҹ°,
вҷҫпёҸ,
вҖјпёҸ,
вҒүпёҸ,
вқ“,
вқ”,
вқ•,
вқ—,
гҖ°пёҸ,
рҹ’ұ,
рҹ’І,
вҡ•пёҸ,
вҷ»пёҸ,
вҡңпёҸ,
рҹ”ұ,
рҹ“ӣ,
рҹ”°,
вӯ•,
вң…,
вҳ‘пёҸ,
вң”пёҸ,
вқҢ,
вқҺ,
вһ°,
вһҝ,
гҖҪпёҸ,
вңіпёҸ,
вңҙпёҸ,
вқҮпёҸ,
В©пёҸ,
В®пёҸ,
в„ўпёҸ,
рҹ«ҹ,
#пёҸвғЈ,
*пёҸвғЈ,
0пёҸвғЈ,
1пёҸвғЈ,
2пёҸвғЈ,
3пёҸвғЈ,
4пёҸвғЈ,
5пёҸвғЈ,
6пёҸвғЈ,
7пёҸвғЈ,
8пёҸвғЈ,
9пёҸвғЈ,
рҹ”ҹ,
рҹ” ,
рҹ”Ў,
рҹ”ў,
рҹ”Ј,
рҹ”Ө,
рҹ…°пёҸ,
рҹҶҺ,
рҹ…ұпёҸ,
рҹҶ‘,
рҹҶ’,
рҹҶ“,
в„№пёҸ,
рҹҶ”,
в“ӮпёҸ,
рҹҶ•,
рҹҶ–,
рҹ…ҫпёҸ,
рҹҶ—,
рҹ…ҝпёҸ,
рҹҶҳ,
рҹҶҷ,
рҹҶҡ,
рҹҲҒ,
рҹҲӮпёҸ,
рҹҲ·пёҸ,
рҹҲ¶,
рҹҲҜ,
рҹүҗ,
рҹҲ№,
рҹҲҡ,
рҹҲІ,
рҹү‘,
рҹҲё,
рҹҲҙ,
рҹҲі,
гҠ—пёҸ,
гҠҷпёҸ,
рҹҲә,
рҹҲө,
рҹ”ҙ,
рҹҹ ,
рҹҹЎ,
рҹҹў,
рҹ”ө,
рҹҹЈ,
рҹҹӨ,
вҡ«,
вҡӘ,
рҹҹҘ,
рҹҹ§,
рҹҹЁ,
рҹҹ©,
рҹҹҰ,
рҹҹӘ,
рҹҹ«,
в¬ӣ,
в¬ң,
в—јпёҸ,
в—»пёҸ,
в—ҫ,
в—Ҫ,
в–ӘпёҸ,
в–«пёҸ,
рҹ”¶,
рҹ”·,
рҹ”ё,
рҹ”№,
рҹ”ә,
рҹ”»,
рҹ’ ,
рҹ”ҳ,
рҹ”і,
рҹ”І,
рҹҸҒ,
рҹҮЁрҹҮі,
рҹҺҢ,
рҹҮ©рҹҮӘ,
рҹҮӘрҹҮё,
рҹҮҰрҹҮЁ,
рҹҮҰрҹҮ©,
рҹҮҰрҹҮӘ,
рҹҮҰрҹҮ«,
рҹҮҰрҹҮ¬,
рҹҮҰрҹҮ®,
рҹҮҰрҹҮұ,
рҹҮҰрҹҮІ,
рҹҮҰрҹҮҙ,
рҹҮҰрҹҮ¶,
рҹҮҰрҹҮ·,
рҹҮҰрҹҮё,
рҹҮҰрҹҮ№,
рҹҮҰрҹҮә,
рҹҮҰрҹҮј,
рҹҮҰрҹҮҪ,
рҹҮҰрҹҮҝ,
рҹҮ§рҹҮҰ,
рҹҮ§рҹҮ§,
рҹҮ§рҹҮ©,
рҹҮ§рҹҮӘ,
рҹҮ§рҹҮ«,
рҹҮ§рҹҮ¬,
рҹҮ§рҹҮӯ,
рҹҮ§рҹҮ®,
рҹҮ§рҹҮҜ,
рҹҮ§рҹҮұ,
рҹҮ§рҹҮІ,
рҹҮ§рҹҮі,
рҹҮ§рҹҮҙ,
рҹҮ§рҹҮ¶,
рҹҮ§рҹҮ·,
рҹҮ§рҹҮё,
рҹҮ§рҹҮ№,
рҹҮ§рҹҮ»,
рҹҮ§рҹҮј,
рҹҮ§рҹҮҫ,
рҹҮ§рҹҮҝ,
рҹҮЁрҹҮҰ,
рҹҮЁрҹҮЁ,
рҹҮЁрҹҮ©,
рҹҮЁрҹҮ«,
рҹҮЁрҹҮ¬,
рҹҮЁрҹҮӯ,
рҹҮЁрҹҮ®,
рҹҮЁрҹҮ°,
рҹҮЁрҹҮұ,
рҹҮЁрҹҮІ,
рҹҮЁрҹҮҙ,
рҹҮЁрҹҮө,
рҹҮЁрҹҮ·,
рҹҮЁрҹҮә,
рҹҮЁрҹҮ»,
рҹҮЁрҹҮј,
рҹҮЁрҹҮҪ,
рҹҮЁрҹҮҫ,
рҹҮЁрҹҮҝ,
рҹҮ©рҹҮ¬,
рҹҮ©рҹҮҜ,
рҹҮ©рҹҮ°,
рҹҮ©рҹҮІ,
рҹҮ©рҹҮҙ,
рҹҮ©рҹҮҝ,
рҹҮӘрҹҮҰ,
рҹҮӘрҹҮЁ,
рҹҮӘрҹҮӘ,
рҹҮӘрҹҮ¬,
рҹҮӘрҹҮӯ,
рҹҸҙу Ғ§у Ғўу ҒҘу Ғ®у Ғ§у Ғҝ,
рҹҮӘрҹҮ·,
рҹҮӘрҹҮ№,
рҹҮӘрҹҮә,
рҹҮ«рҹҮ®,
рҹҮ«рҹҮҜ,
рҹҮ«рҹҮ°,
рҹҮ«рҹҮІ,
рҹҮ«рҹҮҙ,
рҹҮ¬рҹҮҰ,
рҹҮ¬рҹҮ©,
рҹҮ¬рҹҮӘ,
рҹҮ¬рҹҮ«,
рҹҮ¬рҹҮ¬,
рҹҮ¬рҹҮӯ,
рҹҮ¬рҹҮ®,
рҹҮ¬рҹҮұ,
рҹҮ¬рҹҮІ,
рҹҮ¬рҹҮі,
рҹҮ¬рҹҮө,
рҹҮ¬рҹҮ¶,
рҹҮ¬рҹҮ·,
рҹҮ¬рҹҮё,
рҹҮ¬рҹҮ№,
рҹҮ¬рҹҮә,
рҹҮ¬рҹҮј,
рҹҮ¬рҹҮҫ,
рҹҮӯрҹҮ°,
рҹҮӯрҹҮІ,
рҹҮӯрҹҮі,
рҹҮӯрҹҮ·,
рҹҮӯрҹҮ№,
рҹҮӯрҹҮә,
рҹҮ®рҹҮЁ,
рҹҮ®рҹҮ©,
рҹҮ®рҹҮӘ,
рҹҮ®рҹҮұ,
рҹҮ®рҹҮІ,
рҹҮ®рҹҮі,
рҹҮ®рҹҮҙ,
рҹҮ®рҹҮ¶,
рҹҮ®рҹҮ·,
рҹҮ®рҹҮё,
рҹҮҜрҹҮӘ,
рҹҮҜрҹҮІ,
рҹҮҜрҹҮҙ,
рҹҮ°рҹҮӘ,
рҹҮ°рҹҮ¬,
рҹҮ°рҹҮӯ,
рҹҮ°рҹҮ®,
рҹҮ°рҹҮІ,
рҹҮ°рҹҮі,
рҹҮ°рҹҮө,
рҹҮ°рҹҮј,
рҹҮ°рҹҮҫ,
рҹҮ°рҹҮҝ,
рҹҮұрҹҮҰ,
рҹҮұрҹҮ§,
рҹҮұрҹҮЁ,
рҹҮұрҹҮ®,
рҹҮұрҹҮ°,
рҹҮұрҹҮ·,
рҹҮұрҹҮё,
рҹҮұрҹҮ№,
рҹҮұрҹҮә,
рҹҮұрҹҮ»,
рҹҮұрҹҮҫ,
рҹҮІрҹҮҰ,
рҹҮІрҹҮЁ,
рҹҮІрҹҮ©,
рҹҮІрҹҮӘ,
рҹҮІрҹҮ«,
рҹҮІрҹҮ¬,
рҹҮІрҹҮӯ,
рҹҮІрҹҮ°,
рҹҮІрҹҮұ,
рҹҮІрҹҮІ,
рҹҮІрҹҮі,
рҹҮІрҹҮҙ,
рҹҮІрҹҮө,
рҹҮІрҹҮ¶,
рҹҮІрҹҮ·,
рҹҮІрҹҮё,
рҹҮІрҹҮ№,
рҹҮІрҹҮә,
рҹҮІрҹҮ»,
рҹҮІрҹҮј,
рҹҮІрҹҮҪ,
рҹҮІрҹҮҫ,
рҹҮІрҹҮҝ,
рҹҮірҹҮҰ,
рҹҮірҹҮЁ,
рҹҮірҹҮӘ,
рҹҮірҹҮ«,
рҹҮірҹҮ¬,
рҹҮірҹҮ®,
рҹҮірҹҮұ,
рҹҮірҹҮҙ,
рҹҮірҹҮө,
рҹҮірҹҮ·,
рҹҮірҹҮә,
рҹҮірҹҮҝ,
рҹҮҙрҹҮІ,
рҹҮөрҹҮҰ,
рҹҮөрҹҮӘ,
рҹҮөрҹҮ«,
рҹҮөрҹҮ¬,
рҹҮөрҹҮӯ,
рҹҮөрҹҮ°,
рҹҮөрҹҮұ,
рҹҮөрҹҮІ,
рҹҮөрҹҮі,
рҹҮөрҹҮ·,
рҹҮөрҹҮё,
рҹҮөрҹҮ№,
рҹҮөрҹҮј,
рҹҮөрҹҮҫ,
рҹҮ¶рҹҮҰ,
рҹҮ·рҹҮӘ,
рҹҮ·рҹҮҙ,
рҹҮ·рҹҮё,
рҹҮ·рҹҮј,
рҹҮёрҹҮҰ,
рҹҮЁрҹҮ¶,
рҹҮёрҹҮ§,
рҹҮёрҹҮЁ,
рҹҸҙу Ғ§у Ғўу Ғіу ҒЈу Ғҙу Ғҝ,
рҹҮёрҹҮ©,
рҹҮёрҹҮӘ,
рҹҮёрҹҮ¬,
рҹҮёрҹҮӯ,
рҹҮёрҹҮ®,
рҹҮёрҹҮҜ,
рҹҮёрҹҮ°,
рҹҮёрҹҮұ,
рҹҮёрҹҮІ,
рҹҮёрҹҮі,
рҹҮёрҹҮҙ,
рҹҮёрҹҮ·,
рҹҮёрҹҮё,
рҹҮёрҹҮ№,
рҹҮёрҹҮ»,
рҹҮёрҹҮҪ,
рҹҮёрҹҮҫ,
рҹҮёрҹҮҝ,
рҹҮ№рҹҮҰ,
рҹҮ№рҹҮЁ,
рҹҮ№рҹҮ©,
рҹҮ№рҹҮ«,
рҹҮ№рҹҮ¬,
рҹҮ№рҹҮӯ,
рҹҮ№рҹҮҜ,
рҹҮ№рҹҮ°,
рҹҮ№рҹҮұ,
рҹҮ№рҹҮІ,
рҹҮ№рҹҮі,
рҹҮ№рҹҮҙ,
рҹҮ№рҹҮ·,
рҹҮ№рҹҮ№,
рҹҮ№рҹҮ»,
рҹҮ№рҹҮј,
рҹҮ№рҹҮҝ,
рҹҮәрҹҮҰ,
рҹҮәрҹҮ¬,
рҹҮәрҹҮІ,
рҹҮәрҹҮі,
рҹҮәрҹҮҫ,
рҹҮәрҹҮҝ,
рҹҮ»рҹҮҰ,
рҹҮ»рҹҮЁ,
рҹҮ»рҹҮӘ,
рҹҮ»рҹҮ¬,
рҹҮ»рҹҮ®,
рҹҮ»рҹҮі,
рҹҮ»рҹҮә,
рҹҸҙу Ғ§у Ғўу Ғ·у Ғ¬у Ғіу Ғҝ,
рҹҮјрҹҮ«,
рҹҮјрҹҮё,
рҹҮҪрҹҮ°,
рҹҮҫрҹҮӘ,
рҹҮҫрҹҮ№,
рҹҮҝрҹҮҰ,
рҹҮҝрҹҮІ,
рҹҮҝрҹҮј,
рҹҮ«рҹҮ·,
рҹҮ¬рҹҮ§,
рҹҮ®рҹҮ№,
рҹҮҜрҹҮө,
рҹҮ°рҹҮ·,
рҹҸҙвҖҚвҳ пёҸ,
рҹҸіпёҸвҖҚрҹҢҲ,
рҹҮ·рҹҮә,
рҹҸіпёҸвҖҚвҡ§пёҸ,
рҹҡ©,
рҹҮәрҹҮё,
рҹҸҙ,
рҹҸіпёҸ,
